BestInd,Mean,Median
2.563972805232772E-5,5.079772042843412E-6,2.238526568987614E-6
